,No Filters Selected,No Filters Selected,No Filters Selected,No Filters Selected,No Filters Selected,No Filters Selected,No Filters Selected,No Filters Selected,No Filters Selected,No Filters Selected,No Filters Selected,No Filters Selected,No Filters Selected,No Filters Selected,No Filters Selected,No Filters Selected,No Filters Selected,No Filters Selected,No Filters Selected,No Filters Selected,No Filters Selected,No Filters Selected,No Filters Selected,No Filters Selected,No Filters Selected,No Filters Selected,No Filters Selected,No Filters Selected,No Filters Selected,No Filters Selected,No Filters Selected,No Filters Selected,No Filters Selected,No Filters Selected,No Filters Selected,No Filters Selected,No Filters Selected,No Filters Selected,No Filters Selected,No Filters Selected,No Filters Selected,No Filters Selected,No Filters Selected,No Filters Selected,No Filters Selected,No Filters Selected,No Filters Selected,No Filters Selected,No Filters Selected,No Filters Selected,No Filters Selected,No Filters Selected,No Filters Selected,No Filters Selected,No Filters Selected,No Filters Selected,No Filters Selected,No Filters Selected,No Filters Selected,No Filters Selected,No Filters Selected,No Filters Selected,No Filters Selected,No Filters Selected,No Filters Selected,No Filters Selected,No Filters Selected,No Filters Selected,No Filters Selected,No Filters Selected,No Filters Selected,No Filters Selected,No Filters Selected,No Filters Selected,No Filters Selected,No Filters Selected,No Filters Selected,No Filters Selected,No Filters Selected,No Filters Selected,No Filters Selected,No Filters Selected,No Filters Selected,No Filters Selected,No Filters Selected,No Filters Selected,No Filters Selected,No Filters Selected,No Filters Selected,No Filters Selected,No Filters Selected,No Filters Selected,No Filters Selected,No Filters Selected,No Filters Selected,No Filters Selected
Distributors,1 Year 1/1/2026 thru 7/20/2026  Case Equivs,1 Year 1/1/2026 thru 7/20/2026  Units Sold,1 Year 1/1/2026 thru 7/20/2026  Barrel Equivs,1 Year 1/1/2026 thru 7/20/2026  Net Price,1 Year 1/1/2026 thru 7/20/2026  Ave Unit Price,1 Year 1/1/2026 thru 7/20/2026  Did Buys,1 Year 1/1/2026 thru 7/20/2026  Did Buys(All Accts),1 Year 1/1/2026 thru 7/20/2026  Effective Placements,1 Year 1/1/2026 thru 7/20/2026  Effective(All Accts),1 Year 1/1/2026 thru 7/20/2026  Brand Placements,1 Year 1/1/2026 thru 7/20/2026  Brd Placements(All),1 Year 1/1/2026 thru 7/20/2026  ROS per Acct,1 Year 1/1/2026 thru 7/20/2026  ROS per Placement,1 Year 1/1/2026 thru 7/20/2026  Can Buys,1 Year 1/1/2026 thru 7/20/2026  Pct Sold,1 Year 1/1/2026 thru 7/20/2026  No Buys,1 Year 1/1/2026 thru 7/20/2026  Authorized Can Buys,1 Year 1/1/2026 thru 7/20/2026  Authorized Acct Gaps,1 Year 1/1/2026 thru 7/20/2026  Authorized Items,1 Year 1/1/2026 thru 7/20/2026  Total F.O.B.,1 Year 1/1/2026 thru 7/20/2026  Authorized Item Gaps,1 Year 1/1/2026 thru 7/20/2026  First Buy Date,1 Year 1/1/2026 thru 7/20/2026  Last Buy Date,1 Year 1/1/2026 thru 7/20/2026  Avg. F.O.B.,1 Year 1/1/2026 thru 7/20/2026  # Purchases,1 Year 1/1/2025 thru 7/18/2025  Case Equivs,1 Year 1/1/2025 thru 7/18/2025  Units Sold,1 Year 1/1/2025 thru 7/18/2025  Barrel Equivs,1 Year 1/1/2025 thru 7/18/2025  Net Price,1 Year 1/1/2025 thru 7/18/2025  Ave Unit Price,1 Year 1/1/2025 thru 7/18/2025  Did Buys,1 Year 1/1/2025 thru 7/18/2025  Did Buys(All Accts),1 Year 1/1/2025 thru 7/18/2025  Effective Placements,1 Year 1/1/2025 thru 7/18/2025  Effective(All Accts),1 Year 1/1/2025 thru 7/18/2025  Brand Placements,1 Year 1/1/2025 thru 7/18/2025  Brd Placements(All),1 Year 1/1/2025 thru 7/18/2025  ROS per Acct,1 Year 1/1/2025 thru 7/18/2025  ROS per Placement,1 Year 1/1/2025 thru 7/18/2025  Can Buys,1 Year 1/1/2025 thru 7/18/2025  Pct Sold,1 Year 1/1/2025 thru 7/18/2025  No Buys,1 Year 1/1/2025 thru 7/18/2025  Authorized Can Buys,1 Year 1/1/2025 thru 7/18/2025  Authorized Acct Gaps,1 Year 1/1/2025 thru 7/18/2025  Authorized Items,1 Year 1/1/2025 thru 7/18/2025  Total F.O.B.,1 Year 1/1/2025 thru 7/18/2025  Authorized Item Gaps,1 Year 1/1/2025 thru 7/18/2025  First Buy Date,1 Year 1/1/2025 thru 7/18/2025  Last Buy Date,1 Year 1/1/2025 thru 7/18/2025  Avg. F.O.B.,1 Year 1/1/2025 thru 7/18/2025  # Purchases,Diff  Case Equivs,Diff  Units Sold,Diff  Barrel Equivs,Diff  Net Price,Diff  Ave Unit Price,Diff  Did Buys,Diff  Did Buys(All Accts),Diff  Effective Placements,Diff  Effective(All Accts),Diff  Brand Placements,Diff  Brd Placements(All),Diff  ROS per Acct,Diff  ROS per Placement,Diff  Can Buys,Diff  Pct Sold,Diff  No Buys,Diff  Authorized Can Buys,Diff  Authorized Acct Gaps,Diff  Authorized Items,Diff  Total F.O.B.,Diff  Authorized Item Gaps,Diff  Avg. F.O.B.,Diff  # Purchases,Pct  Case Equivs,Pct  Units Sold,Pct  Barrel Equivs,Pct  Net Price,Pct  Ave Unit Price,Pct  Did Buys,Pct  Did Buys(All Accts),Pct  Effective Placements,Pct  Effective(All Accts),Pct  Brand Placements,Pct  Brd Placements(All),Pct  ROS per Acct,Pct  ROS per Placement,Pct  Can Buys,Pct  Pct Sold,Pct  No Buys,Pct  Authorized Can Buys,Pct  Authorized Acct Gaps,Pct  Authorized Items,Pct  Total F.O.B.,Pct  Authorized Item Gaps,Pct  Avg. F.O.B.,Pct  # Purchases
"Doll Dist - Des Moines, IA",88689.270525,60699,6437.131316,2930724.38,48.28291042686,1421,1432,6271,6286,4585,4600,61.933848131983,14.109015355552,2777,0.511703,-1356,396,-71,1930,1928777,-314,01/02/2026,07/17/2026,31.77609186,18677,88151.030547,57255,6398.065211,2925967.13,51.10413291416,1357,1406,5840,5942,4299,4385,62.696323290896,14.835245800572,2777,0.488657,-1420,396,-79,1930,1176310.64,-797,01/02/2025,07/18/2025,20.54511641,18307,538.239978,3444,39.066105,4757.25,-2.8212224873,64,26,431,344,286,215,-0.762475158913,-0.72623044502,0,0.023046,64,0,8,0,752466.36,483,11.23097545,370,0.006105884125,0.060151951795,0.006105924793,0.00162587267,-0.055205368459,0.047163,0.018492,0.073801,0.057893,0.066527,0.049031,-0.012161401481,-0.04895304431,0,0.047161915208,-0.04507,0,-0.101266,0,0.63968337,-0.606023,0.546649394721,0.020211
"7G - Cedar Rapids, IA",83731.946609,53458,6077.323929,2660257.16,49.76349956976,703,704,4171,4172,3102,3103,118.937424160511,20.069977614813,1110,0.633333,-407,138,-14,748,1647301.65,-88,01/02/2026,07/17/2026,30.81487616,10512,81700.093287,51320,5929.850215,2623559.5,51.12158028059,679,703,3981,4051,2929,2985,116.216348914651,20.167882815848,1110,0.611712,-431,138,-20,748,1317658.01,-261,01/02/2025,07/18/2025,25.67533145,10396,2031.853322,2138,147.473714,36697.66,-1.35808071083,24,1,190,121,173,118,2.72107524586,-0.097905201035,0,0.021621,24,0,6,0,329643.64,173,5.13954471,116,0.024869657307,0.041660171473,0.024869719918,0.01398773689,-0.026565702848,0.035346,0.001422,0.047727,0.029869,0.059065,0.039531,0.023413876544,-0.004854510606,0,0.035345064344,-0.055684,0,-0.3,0,0.2501739,-0.662835,0.200174425012,0.011158
"7G - Davenport, IA",16905.439733,11715,1227.00939,562665.42,48.02948527529,397,398,1508,1509,1183,1184,42.475979228643,11.203074707091,825,0.481212,-428,60,-2,275,351049.55,-23,01/02/2026,07/17/2026,29.96581733,4171,16670.213089,11322,1209.93642,557028.63,49.19878378378,393,400,1488,1502,1176,1190,41.6755327225,11.098677156458,825,0.476364,-432,60,-2,275,283559.15,-99,01/02/2025,07/18/2025,25.04496997,4053,235.226644,393,17.07297,5636.79,-1.16929850849,4,-2,20,7,7,-6,0.800446506143,0.104397550633,0,0.004848,4,0,0,0,67490.4,76,4.92084736,118,0.014110596112,0.03471118177,0.014110634012,0.01011939009,-0.023766817359,0.010178,-0.005,0.013441,0.00466,0.005952,-0.005042,0.019206629258,0.009406305739,0,0.010177091468,-0.009259,0,0,0,0.23801172,-0.767677,0.196480465574,0.029114
"Quality Brands of Omaha, NE",8505.018824,6041.083334,617.300679,275547.2344,45.61222204123,266,266,721,721,625,625,31.973754977444,11.796142613037,1328,0.200301,-1062,59,-4,138,204551.17,-5,01/02/2026,07/17/2026,33.86001462,2363,5416.596058,3629.208332,393.140809,179117.3748,49.35439313876,250,259,674,752,560,628,20.913498293436,7.202920289894,1328,0.188253,-1078,59,-13,138,0,-44,01/02/2025,07/18/2025,0,1967,3088.422766,2411.875002,224.15987,96429.8596,-3.74217109753,16,7,47,-31,65,-3,11.060256684008,4.593222323143,0,0.012048,16,0,9,0,204551.17,39,33.86001462,396,0.570177789322,0.664573312238,0.570177058368,0.53836128241,-0.075822451854,0.064,0.027027,0.069733,-0.041223,0.116071,-0.004777,0.528857321182,0.637688900929,0,0.063998980096,-0.014842,0,-0.692308,0,1,-0.886364,1,0.201322
"7G - Dubuque, IA",8112.257648,5930,588.793913,277474.86,46.79171332209,228,230,838,842,685,688,35.270685426087,9.634510270784,465,0.490323,-237,33,-2,171,171594.95,-25,01/02/2026,07/17/2026,28.93675379,2415,7903.937613,5601,573.673897,271615.61,48.49412783432,212,217,767,783,631,645,36.423675635945,10.094428624521,465,0.455914,-253,33,-3,171,142635,-75,01/02/2025,07/18/2025,25.46598822,2396,208.320035,329,15.120016,5859.25,-1.70241451223,16,13,71,59,54,43,-1.152990209858,-0.459918353737,0,0.034409,16,0,1,0,28959.95,50,3.47076557,19,0.026356487766,0.058739510802,0.026356465021,0.02157184559,-0.035105580578,0.075472,0.059908,0.092568,0.075351,0.085578,0.066667,-0.03165496589,-0.04556160342,0,0.075472567195,-0.063241,0,-0.333333,0,0.20303537,-0.666667,0.136290237002,0.00793
"Fahr Bev - Waterloo, IA",7701.51549,5659,558.981953,261076.56,46.13475172292,219,220,780,781,604,605,35.006888590909,9.861095377721,479,0.457203,-260,64,-2,291,178522.6,-26,01/02/2026,07/17/2026,31.54666902,2536,7345.82214,5142,533.165511,253546.04,49.30883702839,214,221,704,711,546,553,33.239014208145,10.331676708861,479,0.446764,-265,64,0,291,160223.1,-89,01/02/2025,07/18/2025,31.15968495,2543,355.69335,517,25.816442,7530.52,-3.17408530547,5,-1,76,70,58,52,1.767874382764,-0.47058133114,0,0.010439,5,0,-2,0,18299.5,63,0.38698407,-7,0.048421176448,0.1005445352,0.048421065255,0.02970079911,-0.064371530475,0.023364,-0.004525,0.107955,0.098453,0.106227,0.094033,0.05318672725,-0.045547430916,0,0.02336580387,-0.018868,0,-1,0,0.11421262,-0.707865,0.012419383271,-0.002753
"Central States Bev. Co. (High Life) - KS, KS",7171.32446,2572,520.499619,212320.2,82.55062208398,158,158,369,369,332,332,45.388129493671,19.434483631436,888,0.177928,-730,1,-1,1,19014,-1,01/02/2026,07/17/2026,7.39269051,839,1071.004434,686,77.734348,35244.6,51.37696793003,129,129,279,279,261,261,8.302359953488,3.838725569892,888,0.14527,-759,1,-1,1,0,-1,03/11/2025,07/18/2025,0,392,6100.320026,1886,442.765271,177075.6,31.17365415395,29,29,90,90,71,71,37.085769540183,15.595758061544,0,0.032658,29,0,0,0,19014,0,7.39269051,447,5.695886807132,2.749271137026,5.695876821402,5.02419093989,0.606763213361,0.224806,0.224806,0.322581,0.322581,0.272031,0.272031,4.46689492481,4.062743683441,0,0.224808976389,-0.038208,0,0,0,1,0,1,1.140306
"Golden Eagle - Mt Pleasant, IA",6722.87992,5444,487.951957,237809.24,43.68281410727,281,283,984,986,776,778,23.755759434629,6.81833663286,731,0.384405,-450,58,-2,91,147459.4,-6,01/05/2026,07/17/2026,27.08659074,2712,5677.99547,4620,412.113574,205842.16,44.55458008658,264,273,789,801,620,631,20.798518205128,7.088633545568,731,0.361149,-467,58,-43,91,127574.65,-47,01/02/2025,07/18/2025,27.61356061,2599,1044.88445,824,75.838383,31967.08,-0.87176597931,17,10,195,185,156,147,2.957241229501,-0.270296912708,0,0.023256,17,0,41,0,19884.75,41,-0.52696987,113,0.184023473693,0.178354978355,0.184023016432,0.1552989922,-0.019566248355,0.064394,0.03663,0.247148,0.230961,0.251613,0.232964,0.142185188403,-0.038131032021,0,0.064394474303,-0.036403,0,-0.953488,0,0.15586756,-0.87234,-0.019083734888,0.043478
"Stern Beverage, IL",6453.275436,4872,468.38373,222834.5,45.73778735632,246,246,670,670,563,563,26.23282697561,9.63175438209,690,0.356522,-444,17,0,34,102639.65,0,01/02/2026,07/18/2026,21.06725164,2131,5991.653215,4556,434.878831,205278.91,45.05682835821,228,233,646,657,528,539,25.715249849785,9.119715700152,690,0.330435,-462,17,-1,34,63627.5,-5,01/02/2025,07/18/2025,13.96564969,1926,461.622221,316,33.504899,17555.59,0.68095899811,18,13,24,13,35,24,0.517577125825,0.512038681938,0,0.026087,18,0,1,0,39012.15,5,7.10160195,205,0.077044215417,0.069359086918,0.077044216944,0.08552067039,0.015113336267,0.078947,0.055794,0.037152,0.019787,0.066288,0.044527,0.020127244684,0.056146342581,0,0.078947448061,-0.038961,0,-1,0,0.61313347,-1,0.508504946611,0.106438
"Doll Dist - Spencer, IA",5915.159923,4275,429.326823,206292.14,48.25547134503,239,241,666,670,504,508,24.544232045643,8.8285969,691,0.345876,-452,59,-6,186,136427.65,-22,01/02/2026,07/17/2026,31.91290058,2190,7468.048837,5493,542.036413,250071.65,45.52551429092,217,228,611,633,492,513,32.754600162281,11.797865461295,691,0.314038,-474,59,-5,186,0,-73,01/02/2025,07/18/2025,0,1986,-1552.888914,-1218,-112.70959,-43779.51,2.72995705411,22,13,55,37,12,-5,-8.210368116638,-2.969268561295,0,0.031838,22,0,-1,0,136427.65,51,31.91290058,204,-0.207937702055,-0.221736755871,-0.207937303282,-0.17506786555,0.059965430301,0.101382,0.057018,0.090016,0.058452,0.02439,-0.009747,-0.250663054226,-0.251678455822,0,0.101382635222,-0.046414,0,0.2,0,1,-0.69863,1,0.102719
"Central States Bev. Co. (High Life) - MO, MO",3262.315519,1711,236.781326,106633,62.32203389831,214,214,519,519,478,478,15.244465042056,6.285771712909,2047,0.104543,-1833,26,-3,47,3915.2,-12,01/02/2026,07/17/2026,2.28825248,1109,2080.346634,1228,150.993216,66383.2,54.05798045603,197,200,530,536,470,476,10.40173317,3.881243720149,2047,0.096238,-1850,26,-9,47,0,-22,03/07/2025,07/18/2025,0,772,1181.968885,483,85.78811,40249.8,8.26405344228,17,14,-11,-17,8,2,4.842731872056,2.40452799276,0,0.008305,17,0,6,0,3915.2,10,2.28825248,337,0.568159587293,0.39332247557,0.568158704561,0.6063250943,0.152873884162,0.086294,0.07,-0.020755,-0.031716,0.017021,0.004202,0.465569707751,0.619525122908,0,0.086296473327,-0.009189,0,-0.666667,0,1,-0.454545,1,0.436528
"Lamonica Beverages Inc., IL",2936.586593,1546,213.139607,96885.5,62.66849935317,142,142,365,365,320,320,20.680187274648,8.045442720548,1004,0.141434,-862,12,-3,14,65796.8,-5,01/02/2026,07/17/2026,42.55937904,825,1730.008838,824,125.565287,56121,68.10800970874,111,113,277,282,226,230,15.309812725664,6.134783113475,1004,0.110558,-893,12,-2,14,0,-3,01/07/2025,07/18/2025,0,472,1206.577755,722,87.57432,40764.5,-5.43951035557,31,29,88,83,94,90,5.370374548984,1.910659607073,0,0.030876,31,0,-1,0,65796.8,-2,42.55937904,353,0.697440226025,0.876213592233,0.697440527492,0.72636802623,-0.079865942036,0.279279,0.256637,0.31769,0.294326,0.415929,0.391304,0.350779898175,0.311446969148,0,0.279274227103,-0.034714,0,0.5,0,1,0.666667,1,0.747881
"Wisconsin Distributors - Sun Prairie, WI",2834.946031,1380.875,205.762488,82562.0004,59.78962643252,313,313,595,595,562,562,9.0573355623,4.764615178151,4684,0.066823,-4371,0,0,0,56826.37,0,01/09/2026,07/17/2026,41.15243596,836,0,0,0,0,0,0,0,0,0,0,0,0,0,4684,0,-4684,0,0,0,0,0,01/01/0001,01/01/0001,0,0,2834.946031,1380.875,205.762488,82562.0004,59.78962643252,313,313,595,595,562,562,9.0573355623,4.764615178151,0,0.066823,313,0,0,0,56826.37,0,41.15243596,836,1,1,1,1,1,1,1,1,1,1,1,1,1,0,1,-0.066823,0,0,0,1,0,1,1
"L&L Dist, IA",2794.109971,2125.583333,202.798638,93065.1872,43.78336325617,134,134,340,340,288,288,20.851566947761,8.217970502941,425,0.315294,-291,36,-5,117,62255.99,-11,01/02/2026,07/17/2026,29.28889639,975,1630.31386,1173.624999,118.329571,58492.1328,49.8388606666,122,122,300,300,253,253,13.363228360656,5.434379533333,425,0.287059,-303,36,-5,117,38113.01,-46,01/02/2025,07/18/2025,32.47460648,855,1163.796111,951.958334,84.469067,34573.0544,-6.05549741043,12,12,40,40,35,35,7.488338587105,2.783590969608,0,0.028235,12,0,0,0,24142.98,35,-3.18571009,120,0.713847891228,0.811126496804,0.713845797683,0.59107187146,-0.121501521693,0.098361,0.098361,0.133333,0.133333,0.13834,0.13834,0.560368975595,0.512218727554,0,0.098359570681,-0.039604,0,0,0,0.63345771,-0.76087,-0.098098497112,0.140351
"Doll Dist - Council Bluffs, IA",2650.693278,2216,192.389454,89874.66,40.55715703971,146,146,513,513,412,412,18.155433410959,5.167043426901,583,0.250429,-437,56,-2,216,60954.9,-14,01/02/2026,07/17/2026,27.50672383,1110,2226.631034,1758,161.610757,78529.33,44.66969852105,145,148,444,447,355,358,15.044804283784,4.981277480984,583,0.248714,-438,56,-3,216,36443.05,-94,01/02/2025,07/18/2025,20.72983504,1104,424.062244,458,30.778697,11345.33,-4.11254148134,1,-2,69,66,57,54,3.110629127175,0.185765945917,0,0.001715,1,0,1,0,24511.85,80,6.77688879,6,0.190450163285,0.260523321957,0.190449556523,0.14447251747,-0.092065575043,0.006897,-0.013514,0.155405,0.147651,0.160563,0.150838,0.206757699768,0.037292832336,0,0.006895470299,-0.002283,0,-0.333333,0,0.67260699,-0.851064,0.326914747605,0.005435
"Kabrick Dist, IA",2450.026599,1932,177.824897,84243.38,43.60423395445,130,131,374,375,293,294,18.702493122137,6.533404264,347,0.37464,-217,35,-3,134,55690.35,-18,01/02/2026,07/17/2026,28.82523292,1115,1920.368819,1432,139.381964,67750.33,47.31168296089,118,120,300,304,236,239,16.003073491667,6.317002694079,347,0.340058,-229,35,-5,134,43397.02,-73,01/02/2025,07/18/2025,30.30518156,952,529.65778,500,38.442933,16493.05,-3.70744900644,12,11,74,71,57,55,2.69941963047,0.216401569921,0,0.034582,12,0,2,0,12293.33,55,-1.47994864,163,0.275810445764,0.349162011173,0.275809953431,0.24343866665,-0.078362230519,0.101695,0.091667,0.246667,0.233553,0.241525,0.230126,0.168681324364,0.034257001366,0,0.101694416835,-0.052402,0,-0.4,0,0.2832759,-0.753425,-0.048834838263,0.171218
"Fahr Bev - West Union, IA",2210.435502,1670,160.435239,76440.12,45.77252694611,129,129,358,358,300,300,17.135158930233,6.174400843575,292,0.441781,-163,33,0,130,51879.05,-9,01/02/2026,07/17/2026,31.0652994,1012,2336.008832,1686,169.549444,81628.22,48.4153143535,122,128,354,366,286,297,18.250069,6.38253779235,292,0.417808,-170,33,-2,130,50736.75,-43,01/02/2025,07/18/2025,30.09297153,1095,-125.57333,-16,-9.114205,-5188.1,-2.64278740739,7,1,4,-8,14,3,-1.114910069767,-0.208136948775,0,0.023973,7,0,2,0,1142.3,34,0.97232787,-83,-0.053755503096,-0.009489916963,-0.053755440212,-0.0635576765,-0.054585773999,0.057377,0.007813,0.011299,-0.021858,0.048951,0.010101,-0.061090731754,-0.032610374673,0,0.0573780301,-0.041176,0,-1,0,0.02251425,-0.790698,0.032310796195,-0.075799
"Dean Distributing Inc., WI",2028.973275,1093,147.264443,60399.5,55.26029277219,264,264,465,465,432,432,7.685504829545,4.363383387097,2390,0.11046,-2126,13,0,64,42222,-35,01/06/2026,07/17/2026,38.6294602,726,0,0,0,0,0,0,0,0,0,0,0,0,0,2390,0,-2390,13,-13,64,0,-64,01/01/0001,01/01/0001,0,0,2028.973275,1093,147.264443,60399.5,55.26029277219,264,264,465,465,432,432,7.685504829545,4.363383387097,0,0.11046,264,0,13,0,42222,29,38.6294602,726,1,1,1,1,1,1,1,1,1,1,1,1,1,0,1,-0.11046,0,-1,0,1,-0.453125,1,1
"Schott Distributing Co. - Rochester, MN",1710.302201,609,124.134923,51513.81,84.58753694581,122,122,234,234,220,220,14.0188705,7.308983764957,900,0.135556,-778,0,0,0,11655.45,0,03/25/2026,07/17/2026,19.13866995,346,0,0,0,0,0,0,0,0,0,0,0,0,0,900,0,-900,0,0,0,0,0,01/01/0001,01/01/0001,0,0,1710.302201,609,124.134923,51513.81,84.58753694581,122,122,234,234,220,220,14.0188705,7.308983764957,0,0.135556,122,0,0,0,11655.45,0,19.13866995,346,1,1,1,1,1,1,1,1,1,1,1,1,1,0,1,-0.135556,0,0,0,1,0,1,1
"Quality Brands of Lincoln, NE",1659.136651,1353.666667,120.421468,54741.25,40.43923909371,113,114,238,239,199,200,14.55383027193,6.941994355649,922,0.12256,-809,42,-4,73,42227.25,-12,01/02/2026,07/17/2026,31.19471804,698,1341.329985,1103.25,97.354875,46208.75,41.88420575572,112,113,281,294,238,249,11.870176858407,4.562346887755,922,0.121475,-810,42,-7,73,0,-20,01/02/2025,07/18/2025,0,715,317.806666,250.416667,23.066593,8532.5,-1.44496666201,1,1,-43,-55,-39,-49,2.683653413523,2.379647467894,0,0.001085,1,0,3,0,42227.25,8,31.19471804,-17,0.236933990557,0.226980890097,0.236933106842,0.18465117537,-0.034499082314,0.008929,0.00885,-0.153025,-0.187075,-0.163866,-0.196787,0.226083692394,0.521584072066,0,0.008931878987,-0.001235,0,-0.428571,0,1,-0.4,1,-0.023776
"Humes Dist, IA",1513.119974,1417,109.823533,54326.3,38.33895553987,91,91,283,283,233,233,16.627692021978,5.346713689046,279,0.326165,-188,42,-4,136,37043.08,-16,01/02/2026,07/17/2026,26.14190543,805,1297.439972,1156,94.169349,47812.9,41.36064013841,83,83,249,249,198,198,15.631806891566,5.210602297189,279,0.297491,-196,42,-4,136,30933.25,-50,01/02/2025,07/18/2025,26.75886678,749,215.680002,261,15.654184,6513.4,-3.02168459854,8,8,34,34,35,35,0.995885130412,0.136111391857,0,0.028674,8,0,0,0,6109.83,34,-0.61696135,56,0.166235052607,0.225778546713,0.166234386945,0.13622683418,-0.073057007542,0.096386,0.096386,0.136546,0.136546,0.176768,0.176768,0.063708894136,0.026122007418,0,0.09638610916,-0.040816,0,0,0,0.19751659,-0.68,-0.023056333255,0.074766
"Ike Auen Dist, IA",1131.195544,897,82.103086,39492.41,44.027212932,86,87,188,191,160,162,13.002247632184,5.922489759162,315,0.273016,-229,17,0,53,26938.84,-2,01/02/2026,07/18/2026,30.03215162,565,979.915543,750,71.123067,35068.07,46.75742666667,81,82,160,164,134,137,11.95018954878,5.97509477439,315,0.257143,-234,17,-1,53,23518.48,-17,01/02/2025,07/18/2025,31.35797333,528,151.280001,147,10.980019,4424.34,-2.73021373467,5,5,28,27,26,25,1.052058083404,-0.052605015228,0,0.015873,5,0,1,0,3420.36,15,-1.32582171,37,0.154380652578,0.196,0.154380561232,0.12616434266,-0.058391017841,0.061728,0.060976,0.175,0.164634,0.19403,0.182482,0.088036936913,-0.008804047001,0,0.06172829904,-0.021368,0,-1,0,0.14543287,-0.882353,-0.042280210396,0.070076
"Eagle Distributing Inc., NE",833.016637,668.75,60.461091,30696.25,45.90093457944,91,91,180,180,148,148,9.154028978022,4.627870205556,704,0.129261,-613,27,-1,52,13590.35,-3,01/02/2026,07/17/2026,20.32201869,476,0,0,0,0,0,0,0,0,0,0,0,0,0,704,0,-704,27,-27,52,0,-52,01/01/0001,01/01/0001,0,0,833.016637,668.75,60.461091,30696.25,45.90093457944,91,91,180,180,148,148,9.154028978022,4.627870205556,0,0.129261,91,0,26,0,13590.35,49,20.32201869,476,1,1,1,1,1,1,1,1,1,1,1,1,1,0,1,-0.129261,0,-0.962963,0,1,-0.942308,1,1
"G&M Distributors - Dixon, IL",704.244436,601,51.114673,24770.5,41.21547420965,126,126,232,232,205,205,5.589241555556,3.035536362069,693,0.181818,-567,18,-2,23,11358.5,-3,01/06/2026,07/17/2026,18.89933444,483,701.071094,569,50.884367,24267.82,42.64994727592,110,113,258,270,210,220,6.204168973451,2.596559607407,693,0.15873,-583,18,-2,23,0,-6,01/02/2025,07/18/2025,0,436,3.173342,32,0.230306,502.68,-1.43447306627,16,13,-26,-38,-5,-15,-0.614927417895,0.438976754662,0,0.023088,16,0,0,0,11358.5,3,18.89933444,47,0.004526419684,0.056239015817,0.004526065933,0.02071385069,-0.033633642194,0.145455,0.115044,-0.100775,-0.140741,-0.02381,-0.068182,-0.099115195045,0.16906091946,0,0.145454545455,-0.027444,0,0,0,1,-0.5,1,0.107798
"Brewers Distributing Inc., IL",684.391103,343,49.673631,20955.25,61.09402332362,72,72,122,122,102,102,9.505431986111,5.609763139344,915,0.078689,-843,18,-3,18,13091.25,-3,01/02/2026,07/17/2026,38.16690962,273,657.844421,418,47.746907,21275,50.8971291866,83,84,159,160,127,128,7.831481202381,4.11152763125,915,0.09071,-832,18,-2,18,0,-2,01/02/2025,07/18/2025,0,322,26.546682,-75,1.926724,-319.75,10.19689413702,-11,-12,-37,-38,-25,-26,1.67395078373,1.498235508094,0,-0.012021,-11,0,-1,0,13091.25,-1,38.16690962,-49,0.04035404292,-0.179425837321,0.040352854689,-0.0150293772,0.200343207957,-0.13253,-0.142857,-0.232704,-0.2375,-0.19685,-0.203125,0.213746383407,0.364398744814,0,-0.132521221475,0.013221,0,0.5,0,1,0.5,1,-0.152174
"Wisconsin Distributors - Appleton, WI",658.643302,295.75,47.804839,19065.25,64.46407438715,111,111,178,178,169,169,5.933723441441,3.700243269663,1546,0.071798,-1435,0,0,0,12952.25,0,01/13/2026,07/17/2026,43.79459003,213,0,0,0,0,0,0,0,0,0,0,0,0,0,1546,0,-1546,0,0,0,0,0,01/01/0001,01/01/0001,0,0,658.643302,295.75,47.804839,19065.25,64.46407438715,111,111,178,178,169,169,5.933723441441,3.700243269663,0,0.071798,111,0,0,0,12952.25,0,43.79459003,213,1,1,1,1,1,1,1,1,1,1,1,1,1,0,1,-0.071798,0,0,0,1,0,1,1
"Eagle Dist of Grand Island - NE, NE",553.013327,547,40.138257,20670,37.78793418647,88,88,197,197,146,146,6.284242352273,2.807174248731,770,0.114286,-682,42,0,79,7559.65,-3,01/09/2026,07/17/2026,13.8202011,385,0,0,0,0,0,0,0,0,0,0,0,0,0,770,0,-770,42,-42,79,0,-79,01/01/0001,01/01/0001,0,0,553.013327,547,40.138257,20670,37.78793418647,88,88,197,197,146,146,6.284242352273,2.807174248731,0,0.114286,88,0,42,0,7559.65,76,13.8202011,385,1,1,1,1,1,1,1,1,1,1,1,1,1,0,1,-0.114286,0,-1,0,1,-0.962025,1,1
"G&M Distributors - Galesburg, IL",515.977766,457,37.450141,17874.5,39.11269146608,82,82,173,173,152,152,6.292411780488,2.982530439306,496,0.165323,-414,12,-2,15,9797.5,-2,01/06/2026,07/17/2026,21.43873085,339,504.026654,467,36.582731,17800.86,38.1174732334,79,80,195,197,156,157,6.300333175,2.55851093401,496,0.159274,-417,12,-2,15,0,-4,01/02/2025,07/18/2025,0,361,11.951112,-10,0.86741,73.64,0.99521823268,3,2,-22,-24,-4,-5,-0.007921394512,0.424019505296,0,0.006049,3,0,0,0,9797.5,2,21.43873085,-22,0.023711269841,-0.021413276231,0.023710914311,0.00413687878,0.026109239366,0.037975,0.025,-0.112821,-0.121827,-0.025641,-0.031847,-0.001257297716,0.165729018258,0,0.037978577797,-0.007194,0,0,0,1,-0.5,1,-0.060942
"Doll Distributing - Worthington, MN",395.155547,238,28.680694,13913,58.45798319328,31,31,66,66,58,58,12.746953129032,5.987205257576,293,0.105802,-262,0,0,0,9340.5,0,01/02/2026,07/16/2026,39.24579832,172,487.946658,291,35.415537,16730.5,57.49312714777,34,35,70,72,66,68,13.941333085714,6.777036916667,293,0.116041,-259,0,0,0,5922,0,03/04/2025,07/18/2025,20.35051546,180,-92.791111,-53,-6.734843,-2817.5,0.96485604551,-3,-4,-4,-6,-8,-10,-1.194379956682,-0.789831659091,0,-0.010239,-3,0,0,0,3418.5,0,18.89528286,-8,-0.190166505864,-0.182130584192,-0.190166338576,-0.16840500882,0.016782111069,-0.088235,-0.114286,-0.057143,-0.083333,-0.121212,-0.147059,-0.08567186146,-0.116545279125,0,-0.088236054498,0.011583,0,0,0,0.57725431,0,0.928491609814,-0.044444
"Skeff Distributing Co., IL",107.813323,41,7.825174,3426,83.56097560976,27,27,34,34,33,33,3.993086037037,3.170980088235,1754,0.015393,-1727,0,0,0,0,0,06/09/2026,07/16/2026,0,33,0,0,0,0,0,0,0,0,0,0,0,0,0,1754,0,-1754,0,0,0,0,0,01/01/0001,01/01/0001,0,0,107.813323,41,7.825174,3426,83.56097560976,27,27,34,34,33,33,3.993086037037,3.170980088235,0,0.015393,27,0,0,0,0,0,0,33,1,1,1,1,1,1,1,1,1,1,1,1,1,0,1,-0.015393,0,0,0,0,0,0,1


